{
  "users": ["Anik", "Tesla", "Elon Musk", "Test"],
  "articles": [
    {
      "id": 1,
      "authorId": 1,
      "title": "First Article",
      "body": "Body of the first article",
      "status": "published",
      "updatedAt": "2023-06-28T00:00:06.914Z",
      "createdAt": "2023-06-28T00:00:06.914Z"
    },
    {
      "id": 2,
      "authorId": 2,
      "title": "Second Article",
      "body": "Body of the second article",
      "status": "published",
      "updatedAt": "2023-06-28T05:17:05.136Z",
      "createdAt": "2023-06-28T05:17:05.136Z"
    },
    {
      "id": 3,
      "authorId": 3,
      "title": "Third Article",
      "body": "Body of the third article",
      "status": "published",
      "updatedAt": "2023-06-30T06:01:44.047Z",
      "createdAt": "2023-06-30T06:01:44.047Z"
    }
  ],
  "comments": ["First Comment", "Tesla Comment"]
}
