{"users":["Anik","Tesla","Elon Musk","Test"],"articles":[{"id":1,"authorId":1,"title":"First Article","body":"Body of the first article","cover":"https://s3.amazon.com/photo/cover_1.jpg","status":"published","updatedAt":"2023-06-28T00:00:06.914Z","createdAt":"2023-06-28T00:00:06.914Z"},{"id":2,"authorId":2,"title":"Second Article","body":"Body of the second article","cover":"https://s3.amazon.com/photo/cover_2.jpg","status":"published","updatedAt":"2023-06-28T05:17:05.136Z","createdAt":"2023-06-28T05:17:05.136Z"},{"id":3,"authorId":3,"title":"Third Article","body":"Body of the third article","cover":"https://s3.amazon.com/photo/cover_3.jpg","status":"published","updatedAt":"2023-06-30T06:01:44.047Z","createdAt":"2023-06-30T06:01:44.047Z"},{"title":"Fourth article","body":"Body of the fourth article","cover":"https://s3.amazon.com/photo/cover_4.jpg","status":"draft","id":4,"authorId":4,"createdAt":"2023-07-15T10:31:29.388Z","updatedAt":"2023-07-15T10:31:29.388Z"},{"title":"Fifth article","body":"Body of the fifth article","cover":"https://s3.amazon.com/photo/cover_5.jpg","status":"draft","id":5,"authorId":5,"createdAt":"2023-07-15T10:37:01.383Z","updatedAt":"2023-07-15T10:37:01.383Z"},{"title":"Sixth article","body":"Body of the sixth article","authorId":99,"cover":"https://s3.amazon.com/photo/cover_6.jpg","status":"draft","id":6,"createdAt":"2023-07-15T10:56:15.671Z","updatedAt":"2023-07-15T10:56:15.671Z"}],"comments":["First Comment","Tesla Comment"]}